{
  "users": {
    "CLIENTE001": {
      "nome": "Cliente 1",
      "email": "cliente1@mago.com",
      "criadoEm": "2025-11-12T20:11:54.929Z",
      "expiraEm": null,
      "ativo": true,
      "totalAnalises": 0,
      "ultimaAnalise": null,
      "deviceId": null,
      "primeiroUso": null
    },
    "CLIENTE002": {
      "nome": "Cliente 2",
      "email": "cliente2@mago.com",
      "criadoEm": "2025-11-12T20:11:54.929Z",
      "expiraEm": null,
      "ativo": true,
      "totalAnalises": 0,
      "ultimaAnalise": null,
      "deviceId": null,
      "primeiroUso": null
    },
    "CLIENTE003": {
      "nome": "Cliente 3",
      "email": "cliente3@mago.com",
      "criadoEm": "2025-11-12T20:11:54.929Z",
      "expiraEm": null,
      "ativo": true,
      "totalAnalises": 0,
      "ultimaAnalise": null,
      "deviceId": null,
      "primeiroUso": null
    },
    "CLIENTE004": {
      "nome": "Cliente 4",
      "email": "cliente4@mago.com",
      "criadoEm": "2025-11-12T20:11:54.929Z",
      "expiraEm": null,
      "ativo": true,
      "totalAnalises": 0,
      "ultimaAnalise": null,
      "deviceId": null,
      "primeiroUso": null
    },
    "CLIENTE005": {
      "nome": "Cliente 5",
      "email": "cliente5@mago.com",
      "criadoEm": "2025-11-12T20:11:54.929Z",
      "expiraEm": null,
      "ativo": true,
      "totalAnalises": 0,
      "ultimaAnalise": null,
      "deviceId": null,
      "primeiroUso": null
    },
    "CLIENTE006": {
      "nome": "Cliente 6",
      "email": "cliente6@mago.com",
      "criadoEm": "2025-11-12T20:11:54.929Z",
      "expiraEm": null,
      "ativo": true,
      "totalAnalises": 0,
      "ultimaAnalise": null,
      "deviceId": null,
      "primeiroUso": null
    },
    "CLIENTE007": {
      "nome": "Cliente 7",
      "email": "cliente7@mago.com",
      "criadoEm": "2025-11-12T20:11:54.929Z",
      "expiraEm": null,
      "ativo": true,
      "totalAnalises": 0,
      "ultimaAnalise": null,
      "deviceId": null,
      "primeiroUso": null
    },
    "CLIENTE008": {
      "nome": "Cliente 8",
      "email": "cliente8@mago.com",
      "criadoEm": "2025-11-12T20:11:54.929Z",
      "expiraEm": null,
      "ativo": true,
      "totalAnalises": 0,
      "ultimaAnalise": null,
      "deviceId": null,
      "primeiroUso": null
    },
    "CLIENTE009": {
      "nome": "Cliente 9",
      "email": "cliente9@mago.com",
      "criadoEm": "2025-11-12T20:11:54.929Z",
      "expiraEm": null,
      "ativo": true,
      "totalAnalises": 0,
      "ultimaAnalise": null,
      "deviceId": null,
      "primeiroUso": null
    },
    "CLIENTE010": {
      "nome": "Cliente 10",
      "email": "cliente10@mago.com",
      "criadoEm": "2025-11-12T20:11:54.929Z",
      "expiraEm": null,
      "ativo": true,
      "totalAnalises": 0,
      "ultimaAnalise": null,
      "deviceId": null,
      "primeiroUso": null
    },
    "CLIENTE011": {
      "nome": "Cliente 11",
      "email": "cliente11@mago.com",
      "criadoEm": "2025-11-12T20:11:54.929Z",
      "expiraEm": null,
      "ativo": true,
      "totalAnalises": 0,
      "ultimaAnalise": null,
      "deviceId": null,
      "primeiroUso": null
    },
    "CLIENTE012": {
      "nome": "Cliente 12",
      "email": "cliente12@mago.com",
      "criadoEm": "2025-11-12T20:11:54.929Z",
      "expiraEm": null,
      "ativo": true,
      "totalAnalises": 0,
      "ultimaAnalise": null,
      "deviceId": null,
      "primeiroUso": null
    },
    "CLIENTE013": {
      "nome": "Cliente 13",
      "email": "cliente13@mago.com",
      "criadoEm": "2025-11-12T20:11:54.929Z",
      "expiraEm": null,
      "ativo": true,
      "totalAnalises": 0,
      "ultimaAnalise": null,
      "deviceId": null,
      "primeiroUso": null
    },
    "CLIENTE014": {
      "nome": "Cliente 14",
      "email": "cliente14@mago.com",
      "criadoEm": "2025-11-12T20:11:54.929Z",
      "expiraEm": null,
      "ativo": true,
      "totalAnalises": 0,
      "ultimaAnalise": null,
      "deviceId": null,
      "primeiroUso": null
    },
    "CLIENTE015": {
      "nome": "Cliente 15",
      "email": "cliente15@mago.com",
      "criadoEm": "2025-11-12T20:11:54.929Z",
      "expiraEm": null,
      "ativo": true,
      "totalAnalises": 0,
      "ultimaAnalise": null,
      "deviceId": null,
      "primeiroUso": null
    },
    "CLIENTE016": {
      "nome": "Cliente 16",
      "email": "cliente16@mago.com",
      "criadoEm": "2025-11-12T20:11:54.929Z",
      "expiraEm": null,
      "ativo": true,
      "totalAnalises": 0,
      "ultimaAnalise": null,
      "deviceId": null,
      "primeiroUso": null
    },
    "CLIENTE017": {
      "nome": "Cliente 17",
      "email": "cliente17@mago.com",
      "criadoEm": "2025-11-12T20:11:54.929Z",
      "expiraEm": null,
      "ativo": true,
      "totalAnalises": 0,
      "ultimaAnalise": null,
      "deviceId": null,
      "primeiroUso": null
    },
    "CLIENTE018": {
      "nome": "Cliente 18",
      "email": "cliente18@mago.com",
      "criadoEm": "2025-11-12T20:11:54.929Z",
      "expiraEm": null,
      "ativo": true,
      "totalAnalises": 0,
      "ultimaAnalise": null,
      "deviceId": null,
      "primeiroUso": null
    },
    "CLIENTE019": {
      "nome": "Cliente 19",
      "email": "cliente19@mago.com",
      "criadoEm": "2025-11-12T20:11:54.929Z",
      "expiraEm": null,
      "ativo": true,
      "totalAnalises": 0,
      "ultimaAnalise": null,
      "deviceId": null,
      "primeiroUso": null
    },
    "CLIENTE020": {
      "nome": "Cliente 20",
      "email": "cliente20@mago.com",
      "criadoEm": "2025-11-12T20:11:54.929Z",
      "expiraEm": null,
      "ativo": true,
      "totalAnalises": 0,
      "ultimaAnalise": null,
      "deviceId": null,
      "primeiroUso": null
    },
    "CLIENTE021": {
      "nome": "Cliente 21",
      "email": "cliente21@mago.com",
      "criadoEm": "2025-11-12T20:11:54.929Z",
      "expiraEm": null,
      "ativo": true,
      "totalAnalises": 0,
      "ultimaAnalise": null,
      "deviceId": null,
      "primeiroUso": null
    },
    "CLIENTE022": {
      "nome": "Cliente 22",
      "email": "cliente22@mago.com",
      "criadoEm": "2025-11-12T20:11:54.929Z",
      "expiraEm": null,
      "ativo": true,
      "totalAnalises": 0,
      "ultimaAnalise": null,
      "deviceId": null,
      "primeiroUso": null
    },
    "CLIENTE023": {
      "nome": "Cliente 23",
      "email": "cliente23@mago.com",
      "criadoEm": "2025-11-12T20:11:54.929Z",
      "expiraEm": null,
      "ativo": true,
      "totalAnalises": 0,
      "ultimaAnalise": null,
      "deviceId": null,
      "primeiroUso": null
    },
    "CLIENTE024": {
      "nome": "Cliente 24",
      "email": "cliente24@mago.com",
      "criadoEm": "2025-11-12T20:11:54.929Z",
      "expiraEm": null,
      "ativo": true,
      "totalAnalises": 0,
      "ultimaAnalise": null,
      "deviceId": null,
      "primeiroUso": null
    },
    "CLIENTE025": {
      "nome": "Cliente 25",
      "email": "cliente25@mago.com",
      "criadoEm": "2025-11-12T20:11:54.929Z",
      "expiraEm": null,
      "ativo": true,
      "totalAnalises": 0,
      "ultimaAnalise": null,
      "deviceId": null,
      "primeiroUso": null
    },
    "CLIENTE026": {
      "nome": "Cliente 26",
      "email": "cliente26@mago.com",
      "criadoEm": "2025-11-12T20:11:54.929Z",
      "expiraEm": null,
      "ativo": true,
      "totalAnalises": 0,
      "ultimaAnalise": null,
      "deviceId": null,
      "primeiroUso": null
    },
    "CLIENTE027": {
      "nome": "Cliente 27",
      "email": "cliente27@mago.com",
      "criadoEm": "2025-11-12T20:11:54.929Z",
      "expiraEm": null,
      "ativo": true,
      "totalAnalises": 0,
      "ultimaAnalise": null,
      "deviceId": null,
      "primeiroUso": null
    },
    "CLIENTE028": {
      "nome": "Cliente 28",
      "email": "cliente28@mago.com",
      "criadoEm": "2025-11-12T20:11:54.929Z",
      "expiraEm": null,
      "ativo": true,
      "totalAnalises": 0,
      "ultimaAnalise": null,
      "deviceId": null,
      "primeiroUso": null
    },
    "CLIENTE029": {
      "nome": "Cliente 29",
      "email": "cliente29@mago.com",
      "criadoEm": "2025-11-12T20:11:54.929Z",
      "expiraEm": null,
      "ativo": true,
      "totalAnalises": 0,
      "ultimaAnalise": null,
      "deviceId": null,
      "primeiroUso": null
    },
    "CLIENTE030": {
      "nome": "Cliente 30",
      "email": "cliente30@mago.com",
      "criadoEm": "2025-11-12T20:11:54.929Z",
      "expiraEm": null,
      "ativo": true,
      "totalAnalises": 0,
      "ultimaAnalise": null,
      "deviceId": null,
      "primeiroUso": null
    },
    "CLIENTE031": {
      "nome": "Cliente 31",
      "email": "cliente31@mago.com",
      "criadoEm": "2025-11-12T20:11:54.929Z",
      "expiraEm": null,
      "ativo": true,
      "totalAnalises": 0,
      "ultimaAnalise": null,
      "deviceId": null,
      "primeiroUso": null
    },
    "CLIENTE032": {
      "nome": "Cliente 32",
      "email": "cliente32@mago.com",
      "criadoEm": "2025-11-12T20:11:54.929Z",
      "expiraEm": null,
      "ativo": true,
      "totalAnalises": 0,
      "ultimaAnalise": null,
      "deviceId": null,
      "primeiroUso": null
    },
    "CLIENTE033": {
      "nome": "Cliente 33",
      "email": "cliente33@mago.com",
      "criadoEm": "2025-11-12T20:11:54.929Z",
      "expiraEm": null,
      "ativo": true,
      "totalAnalises": 0,
      "ultimaAnalise": null,
      "deviceId": null,
      "primeiroUso": null
    },
    "CLIENTE034": {
      "nome": "Cliente 34",
      "email": "cliente34@mago.com",
      "criadoEm": "2025-11-12T20:11:54.929Z",
      "expiraEm": null,
      "ativo": true,
      "totalAnalises": 0,
      "ultimaAnalise": null,
      "deviceId": null,
      "primeiroUso": null
    },
    "CLIENTE035": {
      "nome": "Cliente 35",
      "email": "cliente35@mago.com",
      "criadoEm": "2025-11-12T20:11:54.929Z",
      "expiraEm": null,
      "ativo": true,
      "totalAnalises": 0,
      "ultimaAnalise": null,
      "deviceId": null,
      "primeiroUso": null
    },
    "CLIENTE036": {
      "nome": "Cliente 36",
      "email": "cliente36@mago.com",
      "criadoEm": "2025-11-12T20:11:54.929Z",
      "expiraEm": null,
      "ativo": true,
      "totalAnalises": 0,
      "ultimaAnalise": null,
      "deviceId": null,
      "primeiroUso": null
    },
    "CLIENTE037": {
      "nome": "Cliente 37",
      "email": "cliente37@mago.com",
      "criadoEm": "2025-11-12T20:11:54.929Z",
      "expiraEm": null,
      "ativo": true,
      "totalAnalises": 0,
      "ultimaAnalise": null,
      "deviceId": null,
      "primeiroUso": null
    },
    "CLIENTE038": {
      "nome": "Cliente 38",
      "email": "cliente38@mago.com",
      "criadoEm": "2025-11-12T20:11:54.929Z",
      "expiraEm": null,
      "ativo": true,
      "totalAnalises": 0,
      "ultimaAnalise": null,
      "deviceId": null,
      "primeiroUso": null
    },
    "CLIENTE039": {
      "nome": "Cliente 39",
      "email": "cliente39@mago.com",
      "criadoEm": "2025-11-12T20:11:54.929Z",
      "expiraEm": null,
      "ativo": true,
      "totalAnalises": 0,
      "ultimaAnalise": null,
      "deviceId": null,
      "primeiroUso": null
    },
    "CLIENTE040": {
      "nome": "Cliente 40",
      "email": "cliente40@mago.com",
      "criadoEm": "2025-11-12T20:11:54.929Z",
      "expiraEm": null,
      "ativo": true,
      "totalAnalises": 0,
      "ultimaAnalise": null,
      "deviceId": null,
      "primeiroUso": null
    },
    "CLIENTE041": {
      "nome": "Cliente 41",
      "email": "cliente41@mago.com",
      "criadoEm": "2025-11-12T20:11:54.929Z",
      "expiraEm": null,
      "ativo": true,
      "totalAnalises": 0,
      "ultimaAnalise": null,
      "deviceId": null,
      "primeiroUso": null
    },
    "CLIENTE042": {
      "nome": "Cliente 42",
      "email": "cliente42@mago.com",
      "criadoEm": "2025-11-12T20:11:54.929Z",
      "expiraEm": null,
      "ativo": true,
      "totalAnalises": 0,
      "ultimaAnalise": null,
      "deviceId": null,
      "primeiroUso": null
    },
    "CLIENTE043": {
      "nome": "Cliente 43",
      "email": "cliente43@mago.com",
      "criadoEm": "2025-11-12T20:11:54.929Z",
      "expiraEm": null,
      "ativo": true,
      "totalAnalises": 0,
      "ultimaAnalise": null,
      "deviceId": null,
      "primeiroUso": null
    },
    "CLIENTE044": {
      "nome": "Cliente 44",
      "email": "cliente44@mago.com",
      "criadoEm": "2025-11-12T20:11:54.929Z",
      "expiraEm": null,
      "ativo": true,
      "totalAnalises": 0,
      "ultimaAnalise": null,
      "deviceId": null,
      "primeiroUso": null
    },
    "CLIENTE045": {
      "nome": "Cliente 45",
      "email": "cliente45@mago.com",
      "criadoEm": "2025-11-12T20:11:54.929Z",
      "expiraEm": null,
      "ativo": true,
      "totalAnalises": 0,
      "ultimaAnalise": null,
      "deviceId": null,
      "primeiroUso": null
    },
    "CLIENTE046": {
      "nome": "Cliente 46",
      "email": "cliente46@mago.com",
      "criadoEm": "2025-11-12T20:11:54.929Z",
      "expiraEm": null,
      "ativo": true,
      "totalAnalises": 0,
      "ultimaAnalise": null,
      "deviceId": null,
      "primeiroUso": null
    },
    "CLIENTE047": {
      "nome": "Cliente 47",
      "email": "cliente47@mago.com",
      "criadoEm": "2025-11-12T20:11:54.929Z",
      "expiraEm": null,
      "ativo": true,
      "totalAnalises": 0,
      "ultimaAnalise": null,
      "deviceId": null,
      "primeiroUso": null
    },
    "CLIENTE048": {
      "nome": "Cliente 48",
      "email": "cliente48@mago.com",
      "criadoEm": "2025-11-12T20:11:54.929Z",
      "expiraEm": null,
      "ativo": true,
      "totalAnalises": 0,
      "ultimaAnalise": null,
      "deviceId": null,
      "primeiroUso": null
    },
    "CLIENTE049": {
      "nome": "Cliente 49",
      "email": "cliente49@mago.com",
      "criadoEm": "2025-11-12T20:11:54.929Z",
      "expiraEm": null,
      "ativo": true,
      "totalAnalises": 0,
      "ultimaAnalise": null,
      "deviceId": null,
      "primeiroUso": null
    },
    "CLIENTE050": {
      "nome": "Cliente 50",
      "email": "cliente50@mago.com",
      "criadoEm": "2025-11-12T20:11:54.929Z",
      "expiraEm": null,
      "ativo": true,
      "totalAnalises": 0,
      "ultimaAnalise": null,
      "deviceId": null,
      "primeiroUso": null
    },
    "CLIENTE051": {
      "nome": "Cliente 51",
      "email": "cliente51@mago.com",
      "criadoEm": "2025-11-12T20:11:54.929Z",
      "expiraEm": null,
      "ativo": true,
      "totalAnalises": 0,
      "ultimaAnalise": null,
      "deviceId": null,
      "primeiroUso": null
    },
    "CLIENTE052": {
      "nome": "Cliente 52",
      "email": "cliente52@mago.com",
      "criadoEm": "2025-11-12T20:11:54.929Z",
      "expiraEm": null,
      "ativo": true,
      "totalAnalises": 0,
      "ultimaAnalise": null,
      "deviceId": null,
      "primeiroUso": null
    },
    "CLIENTE053": {
      "nome": "Cliente 53",
      "email": "cliente53@mago.com",
      "criadoEm": "2025-11-12T20:11:54.929Z",
      "expiraEm": null,
      "ativo": true,
      "totalAnalises": 0,
      "ultimaAnalise": null,
      "deviceId": null,
      "primeiroUso": null
    },
    "CLIENTE054": {
      "nome": "Cliente 54",
      "email": "cliente54@mago.com",
      "criadoEm": "2025-11-12T20:11:54.929Z",
      "expiraEm": null,
      "ativo": true,
      "totalAnalises": 0,
      "ultimaAnalise": null,
      "deviceId": null,
      "primeiroUso": null
    },
    "CLIENTE055": {
      "nome": "Cliente 55",
      "email": "cliente55@mago.com",
      "criadoEm": "2025-11-12T20:11:54.929Z",
      "expiraEm": null,
      "ativo": true,
      "totalAnalises": 0,
      "ultimaAnalise": null,
      "deviceId": null,
      "primeiroUso": null
    },
    "CLIENTE056": {
      "nome": "Cliente 56",
      "email": "cliente56@mago.com",
      "criadoEm": "2025-11-12T20:11:54.929Z",
      "expiraEm": null,
      "ativo": true,
      "totalAnalises": 0,
      "ultimaAnalise": null,
      "deviceId": null,
      "primeiroUso": null
    },
    "CLIENTE057": {
      "nome": "Cliente 57",
      "email": "cliente57@mago.com",
      "criadoEm": "2025-11-12T20:11:54.929Z",
      "expiraEm": null,
      "ativo": true,
      "totalAnalises": 0,
      "ultimaAnalise": null,
      "deviceId": null,
      "primeiroUso": null
    },
    "CLIENTE058": {
      "nome": "Cliente 58",
      "email": "cliente58@mago.com",
      "criadoEm": "2025-11-12T20:11:54.929Z",
      "expiraEm": null,
      "ativo": true,
      "totalAnalises": 0,
      "ultimaAnalise": null,
      "deviceId": null,
      "primeiroUso": null
    },
    "CLIENTE059": {
      "nome": "Cliente 59",
      "email": "cliente59@mago.com",
      "criadoEm": "2025-11-12T20:11:54.929Z",
      "expiraEm": null,
      "ativo": true,
      "totalAnalises": 0,
      "ultimaAnalise": null,
      "deviceId": null,
      "primeiroUso": null
    },
    "CLIENTE060": {
      "nome": "Cliente 60",
      "email": "cliente60@mago.com",
      "criadoEm": "2025-11-12T20:11:54.929Z",
      "expiraEm": null,
      "ativo": true,
      "totalAnalises": 0,
      "ultimaAnalise": null,
      "deviceId": null,
      "primeiroUso": null
    },
    "CLIENTE061": {
      "nome": "Cliente 61",
      "email": "cliente61@mago.com",
      "criadoEm": "2025-11-12T20:11:54.929Z",
      "expiraEm": null,
      "ativo": true,
      "totalAnalises": 0,
      "ultimaAnalise": null,
      "deviceId": null,
      "primeiroUso": null
    },
    "CLIENTE062": {
      "nome": "Cliente 62",
      "email": "cliente62@mago.com",
      "criadoEm": "2025-11-12T20:11:54.929Z",
      "expiraEm": null,
      "ativo": true,
      "totalAnalises": 0,
      "ultimaAnalise": null,
      "deviceId": null,
      "primeiroUso": null
    },
    "CLIENTE063": {
      "nome": "Cliente 63",
      "email": "cliente63@mago.com",
      "criadoEm": "2025-11-12T20:11:54.929Z",
      "expiraEm": null,
      "ativo": true,
      "totalAnalises": 0,
      "ultimaAnalise": null,
      "deviceId": null,
      "primeiroUso": null
    },
    "CLIENTE064": {
      "nome": "Cliente 64",
      "email": "cliente64@mago.com",
      "criadoEm": "2025-11-12T20:11:54.929Z",
      "expiraEm": null,
      "ativo": true,
      "totalAnalises": 0,
      "ultimaAnalise": null,
      "deviceId": null,
      "primeiroUso": null
    },
    "CLIENTE065": {
      "nome": "Cliente 65",
      "email": "cliente65@mago.com",
      "criadoEm": "2025-11-12T20:11:54.929Z",
      "expiraEm": null,
      "ativo": true,
      "totalAnalises": 0,
      "ultimaAnalise": null,
      "deviceId": null,
      "primeiroUso": null
    },
    "CLIENTE066": {
      "nome": "Cliente 66",
      "email": "cliente66@mago.com",
      "criadoEm": "2025-11-12T20:11:54.929Z",
      "expiraEm": null,
      "ativo": true,
      "totalAnalises": 0,
      "ultimaAnalise": null,
      "deviceId": null,
      "primeiroUso": null
    },
    "CLIENTE067": {
      "nome": "Cliente 67",
      "email": "cliente67@mago.com",
      "criadoEm": "2025-11-12T20:11:54.929Z",
      "expiraEm": null,
      "ativo": true,
      "totalAnalises": 0,
      "ultimaAnalise": null,
      "deviceId": null,
      "primeiroUso": null
    },
    "CLIENTE068": {
      "nome": "Cliente 68",
      "email": "cliente68@mago.com",
      "criadoEm": "2025-11-12T20:11:54.929Z",
      "expiraEm": null,
      "ativo": true,
      "totalAnalises": 0,
      "ultimaAnalise": null,
      "deviceId": null,
      "primeiroUso": null
    },
    "CLIENTE069": {
      "nome": "Cliente 69",
      "email": "cliente69@mago.com",
      "criadoEm": "2025-11-12T20:11:54.929Z",
      "expiraEm": null,
      "ativo": true,
      "totalAnalises": 0,
      "ultimaAnalise": null,
      "deviceId": null,
      "primeiroUso": null
    },
    "CLIENTE070": {
      "nome": "Cliente 70",
      "email": "cliente70@mago.com",
      "criadoEm": "2025-11-12T20:11:54.929Z",
      "expiraEm": null,
      "ativo": true,
      "totalAnalises": 0,
      "ultimaAnalise": null,
      "deviceId": null,
      "primeiroUso": null
    },
    "CLIENTE071": {
      "nome": "Cliente 71",
      "email": "cliente71@mago.com",
      "criadoEm": "2025-11-12T20:11:54.929Z",
      "expiraEm": null,
      "ativo": true,
      "totalAnalises": 0,
      "ultimaAnalise": null,
      "deviceId": null,
      "primeiroUso": null
    },
    "CLIENTE072": {
      "nome": "Cliente 72",
      "email": "cliente72@mago.com",
      "criadoEm": "2025-11-12T20:11:54.929Z",
      "expiraEm": null,
      "ativo": true,
      "totalAnalises": 0,
      "ultimaAnalise": null,
      "deviceId": null,
      "primeiroUso": null
    },
    "CLIENTE073": {
      "nome": "Cliente 73",
      "email": "cliente73@mago.com",
      "criadoEm": "2025-11-12T20:11:54.929Z",
      "expiraEm": null,
      "ativo": true,
      "totalAnalises": 0,
      "ultimaAnalise": null,
      "deviceId": null,
      "primeiroUso": null
    },
    "CLIENTE074": {
      "nome": "Cliente 74",
      "email": "cliente74@mago.com",
      "criadoEm": "2025-11-12T20:11:54.929Z",
      "expiraEm": null,
      "ativo": true,
      "totalAnalises": 0,
      "ultimaAnalise": null,
      "deviceId": null,
      "primeiroUso": null
    },
    "CLIENTE075": {
      "nome": "Cliente 75",
      "email": "cliente75@mago.com",
      "criadoEm": "2025-11-12T20:11:54.929Z",
      "expiraEm": null,
      "ativo": true,
      "totalAnalises": 0,
      "ultimaAnalise": null,
      "deviceId": null,
      "primeiroUso": null
    },
    "CLIENTE076": {
      "nome": "Cliente 76",
      "email": "cliente76@mago.com",
      "criadoEm": "2025-11-12T20:11:54.929Z",
      "expiraEm": null,
      "ativo": true,
      "totalAnalises": 0,
      "ultimaAnalise": null,
      "deviceId": null,
      "primeiroUso": null
    },
    "CLIENTE077": {
      "nome": "Cliente 77",
      "email": "cliente77@mago.com",
      "criadoEm": "2025-11-12T20:11:54.929Z",
      "expiraEm": null,
      "ativo": true,
      "totalAnalises": 0,
      "ultimaAnalise": null,
      "deviceId": null,
      "primeiroUso": null
    },
    "CLIENTE078": {
      "nome": "Cliente 78",
      "email": "cliente78@mago.com",
      "criadoEm": "2025-11-12T20:11:54.929Z",
      "expiraEm": null,
      "ativo": true,
      "totalAnalises": 0,
      "ultimaAnalise": null,
      "deviceId": null,
      "primeiroUso": null
    },
    "CLIENTE079": {
      "nome": "Cliente 79",
      "email": "cliente79@mago.com",
      "criadoEm": "2025-11-12T20:11:54.929Z",
      "expiraEm": null,
      "ativo": true,
      "totalAnalises": 0,
      "ultimaAnalise": null,
      "deviceId": null,
      "primeiroUso": null
    },
    "CLIENTE080": {
      "nome": "Cliente 80",
      "email": "cliente80@mago.com",
      "criadoEm": "2025-11-12T20:11:54.929Z",
      "expiraEm": null,
      "ativo": true,
      "totalAnalises": 0,
      "ultimaAnalise": null,
      "deviceId": null,
      "primeiroUso": null
    },
    "CLIENTE081": {
      "nome": "Cliente 81",
      "email": "cliente81@mago.com",
      "criadoEm": "2025-11-12T20:11:54.929Z",
      "expiraEm": null,
      "ativo": true,
      "totalAnalises": 0,
      "ultimaAnalise": null,
      "deviceId": null,
      "primeiroUso": null
    },
    "CLIENTE082": {
      "nome": "Cliente 82",
      "email": "cliente82@mago.com",
      "criadoEm": "2025-11-12T20:11:54.929Z",
      "expiraEm": null,
      "ativo": true,
      "totalAnalises": 0,
      "ultimaAnalise": null,
      "deviceId": null,
      "primeiroUso": null
    },
    "CLIENTE083": {
      "nome": "Cliente 83",
      "email": "cliente83@mago.com",
      "criadoEm": "2025-11-12T20:11:54.929Z",
      "expiraEm": null,
      "ativo": true,
      "totalAnalises": 0,
      "ultimaAnalise": null,
      "deviceId": null,
      "primeiroUso": null
    },
    "CLIENTE084": {
      "nome": "Cliente 84",
      "email": "cliente84@mago.com",
      "criadoEm": "2025-11-12T20:11:54.929Z",
      "expiraEm": null,
      "ativo": true,
      "totalAnalises": 0,
      "ultimaAnalise": null,
      "deviceId": null,
      "primeiroUso": null
    },
    "CLIENTE085": {
      "nome": "Cliente 85",
      "email": "cliente85@mago.com",
      "criadoEm": "2025-11-12T20:11:54.929Z",
      "expiraEm": null,
      "ativo": true,
      "totalAnalises": 0,
      "ultimaAnalise": null,
      "deviceId": null,
      "primeiroUso": null
    },
    "CLIENTE086": {
      "nome": "Cliente 86",
      "email": "cliente86@mago.com",
      "criadoEm": "2025-11-12T20:11:54.929Z",
      "expiraEm": null,
      "ativo": true,
      "totalAnalises": 0,
      "ultimaAnalise": null,
      "deviceId": null,
      "primeiroUso": null
    },
    "CLIENTE087": {
      "nome": "Cliente 87",
      "email": "cliente87@mago.com",
      "criadoEm": "2025-11-12T20:11:54.929Z",
      "expiraEm": null,
      "ativo": true,
      "totalAnalises": 0,
      "ultimaAnalise": null,
      "deviceId": null,
      "primeiroUso": null
    },
    "CLIENTE088": {
      "nome": "Cliente 88",
      "email": "cliente88@mago.com",
      "criadoEm": "2025-11-12T20:11:54.929Z",
      "expiraEm": null,
      "ativo": true,
      "totalAnalises": 0,
      "ultimaAnalise": null,
      "deviceId": null,
      "primeiroUso": null
    },
    "CLIENTE089": {
      "nome": "Cliente 89",
      "email": "cliente89@mago.com",
      "criadoEm": "2025-11-12T20:11:54.929Z",
      "expiraEm": null,
      "ativo": true,
      "totalAnalises": 0,
      "ultimaAnalise": null,
      "deviceId": null,
      "primeiroUso": null
    },
    "CLIENTE090": {
      "nome": "Cliente 90",
      "email": "cliente90@mago.com",
      "criadoEm": "2025-11-12T20:11:54.929Z",
      "expiraEm": null,
      "ativo": true,
      "totalAnalises": 0,
      "ultimaAnalise": null,
      "deviceId": null,
      "primeiroUso": null
    },
    "CLIENTE091": {
      "nome": "Cliente 91",
      "email": "cliente91@mago.com",
      "criadoEm": "2025-11-12T20:11:54.929Z",
      "expiraEm": null,
      "ativo": true,
      "totalAnalises": 0,
      "ultimaAnalise": null,
      "deviceId": null,
      "primeiroUso": null
    },
    "CLIENTE092": {
      "nome": "Cliente 92",
      "email": "cliente92@mago.com",
      "criadoEm": "2025-11-12T20:11:54.929Z",
      "expiraEm": null,
      "ativo": true,
      "totalAnalises": 0,
      "ultimaAnalise": null,
      "deviceId": null,
      "primeiroUso": null
    },
    "CLIENTE093": {
      "nome": "Cliente 93",
      "email": "cliente93@mago.com",
      "criadoEm": "2025-11-12T20:11:54.929Z",
      "expiraEm": null,
      "ativo": true,
      "totalAnalises": 0,
      "ultimaAnalise": null,
      "deviceId": null,
      "primeiroUso": null
    },
    "CLIENTE094": {
      "nome": "Cliente 94",
      "email": "cliente94@mago.com",
      "criadoEm": "2025-11-12T20:11:54.929Z",
      "expiraEm": null,
      "ativo": true,
      "totalAnalises": 0,
      "ultimaAnalise": null,
      "deviceId": null,
      "primeiroUso": null
    },
    "CLIENTE095": {
      "nome": "Cliente 95",
      "email": "cliente95@mago.com",
      "criadoEm": "2025-11-12T20:11:54.929Z",
      "expiraEm": null,
      "ativo": true,
      "totalAnalises": 0,
      "ultimaAnalise": null,
      "deviceId": null,
      "primeiroUso": null
    },
    "CLIENTE096": {
      "nome": "Cliente 96",
      "email": "cliente96@mago.com",
      "criadoEm": "2025-11-12T20:11:54.929Z",
      "expiraEm": null,
      "ativo": true,
      "totalAnalises": 0,
      "ultimaAnalise": null,
      "deviceId": null,
      "primeiroUso": null
    },
    "CLIENTE097": {
      "nome": "Cliente 97",
      "email": "cliente97@mago.com",
      "criadoEm": "2025-11-12T20:11:54.929Z",
      "expiraEm": null,
      "ativo": true,
      "totalAnalises": 0,
      "ultimaAnalise": null,
      "deviceId": null,
      "primeiroUso": null
    },
    "CLIENTE098": {
      "nome": "Cliente 98",
      "email": "cliente98@mago.com",
      "criadoEm": "2025-11-12T20:11:54.929Z",
      "expiraEm": null,
      "ativo": true,
      "totalAnalises": 0,
      "ultimaAnalise": null,
      "deviceId": null,
      "primeiroUso": null
    },
    "CLIENTE099": {
      "nome": "Cliente 99",
      "email": "cliente99@mago.com",
      "criadoEm": "2025-11-12T20:11:54.929Z",
      "expiraEm": null,
      "ativo": true,
      "totalAnalises": 0,
      "ultimaAnalise": null,
      "deviceId": null,
      "primeiroUso": null
    },
    "CLIENTE100": {
      "nome": "Cliente 100",
      "email": "cliente100@mago.com",
      "criadoEm": "2025-11-12T20:11:54.929Z",
      "expiraEm": null,
      "ativo": true,
      "totalAnalises": 0,
      "ultimaAnalise": null,
      "deviceId": null,
      "primeiroUso": null
    }
  }
}
